Country,Population,Eye_Disease,Affected_People_Male,Affected_People_Female,Blindness_Cases_Male,Blindness_Cases_Female,Healthcare_Cost,Productivity_Loss,Region,Age_Group,Treatment_Availability_Male,Treatment_Availability_Female,Medical_Facilities,Research_Funding,Awareness_Programs,Prevention_Measures,Recovery_Rate,Mortality_Rate,Vaccination,Medication,Surgery_Options
Afghanistan,28638530,Glaucoma,15577,77855,2662,3863,519206,466059,Asia,51-60,Yes,Yes,Yes,435229,No,Yes,0.16078738408675086,0.9563781371276667,Yes,Yes,No
Albania,37734135,Glaucoma,30759,14117,5688,6738,584037,662877,Europe,51-60,Yes,Yes,Yes,646972,Yes,No,0.9521564152967505,0.7210310195725357,Yes,Yes,Yes
Algeria,22050908,Glaucoma,47194,51195,4306,5133,661147,576810,Africa,71+,No,Yes,Yes,404262,No,No,0.574042369060464,0.5028062607304573,Yes,No,Yes
Andorra,20250586,Glaucoma,46621,21502,1445,5805,555390,110035,Europe,71+,Yes,Yes,Yes,566361,No,Yes,0.4933780091698383,0.6898841683512259,Yes,No,No
Angola,24667186,Glaucoma,54498,34219,1709,6146,370512,659504,Africa,51-60,Yes,Yes,No,715049,Yes,Yes,0.8450094070980438,0.18828957499426408,Yes,Yes,Yes
Antigua and Barbuda,21095396,Glaucoma,35265,69604,8254,5652,493474,995182,North America,71+,Yes,Yes,Yes,659980,Yes,Yes,0.5691630069058252,0.33260485222053104,Yes,Yes,No
Argentina,22867329,Glaucoma,23297,57839,6005,6520,333035,78002,South America,51-60,Yes,No,Yes,-679,Yes,No,0.11565224056109707,0.535891050319601,No,Yes,No
Armenia,35617932,Glaucoma,26849,50707,2183,6620,96704,601093,Asia,71+,Yes,Yes,Yes,437435,Yes,No,0.4090999867993088,0.2378331762241277,No,No,No
Australia,29211335,Glaucoma,53209,63229,2758,4603,293607,443347,Australia,61-70,Yes,Yes,Yes,-18973,Yes,Yes,0.4232411964628774,0.41674142231584566,Yes,Yes,No
Austria,22130104,Glaucoma,54280,53086,4875,4507,553402,445712,Europe,51-60,Yes,Yes,Yes,359533,Yes,No,0.5743785349256348,0.2945874563588241,No,Yes,Yes
Azerbaijan,12451333,Glaucoma,20976,94228,4821,7048,191198,625799,Asia,61-70,Yes,Yes,Yes,401815,No,Yes,0.6709649543303643,0.2647912216633736,Yes,Yes,Yes
Bahamas,22130635,Glaucoma,65439,79456,1314,8476,322257,409826,North America,51-60,Yes,Yes,No,336418,Yes,Yes,0.4924292089666422,0.34456788575266,Yes,No,No
Bahrain,21563654,Glaucoma,48595,70423,6070,6101,334346,486318,Asia,71+,No,Yes,Yes,361279,Yes,Yes,0.28318988455395777,0.4629275012171019,No,Yes,No
Bangladesh,28905396,Glaucoma,27257,31672,4046,3963,389574,387916,Asia,51-60,Yes,Yes,Yes,446400,Yes,Yes,0.9856395380587079,0.1763036305244539,No,Yes,No
Barbados,34585855,Glaucoma,40754,55398,4519,3602,200605,520612,North America,71+,Yes,Yes,Yes,631621,Yes,Yes,0.22247274383317694,0.5528709392082193,No,Yes,Yes
Belarus,5361767,Glaucoma,23924,67043,1328,9527,372850,542936,Europe,51-60,Yes,Yes,Yes,573697,Yes,Yes,0.7590836976808467,0.732094837333982,No,Yes,No
Belgium,34342907,Glaucoma,32173,65087,6569,5822,648226,354608,Europe,71+,No,Yes,Yes,417555,Yes,No,0.8375013660657165,0.2751540542990294,Yes,Yes,No
Belize,42681959,Glaucoma,118438,35292,3009,1478,390276,206112,North America,61-70,Yes,Yes,Yes,315344,No,Yes,0.3738932655855558,0.7945005385802085,No,No,No
Benin,21848202,Glaucoma,70853,86721,5613,3489,681667,354989,Africa,61-70,Yes,Yes,Yes,419781,No,Yes,0.1832043686682962,0.8324518309329653,No,Yes,No
Bhutan,24956630,Glaucoma,40589,70391,5721,5849,602309,337261,Asia,61-70,Yes,No,No,634298,Yes,No,0.9220925134253904,0.6660776180978156,Yes,Yes,Yes
Bolivia,23087939,Glaucoma,38698,48299,3514,5783,455913,936038,South America,51-60,Yes,Yes,No,345874,No,Yes,0.7490658957565729,0.4693391596348404,No,No,No
Bosnia and Herzegovina,30100445,Glaucoma,83007,28524,3924,6666,243584,604124,Europe,61-70,Yes,Yes,No,703702,Yes,Yes,0.9939276358426667,0.481582192184992,Yes,No,Yes
Botswana,35743779,Glaucoma,71355,51952,7350,3671,340441,253656,Africa,61-70,No,No,Yes,480030,No,Yes,0.4556325885756065,0.25286490369308223,Yes,Yes,Yes
Brazil,44188422,Glaucoma,55647,35939,7257,6764,404646,630615,South America,71+,Yes,Yes,Yes,473560,No,No,0.8001108929961029,0.650361683854347,No,No,No
Brunei,24366183,Glaucoma,46024,60962,6160,6612,472659,427303,Asia,51-60,No,Yes,Yes,613470,Yes,Yes,0.2832116857265278,0.22300541116621547,No,Yes,No
Bulgaria,32212263,Glaucoma,35003,66674,4426,5978,441610,251387,Europe,51-60,Yes,Yes,No,648111,Yes,Yes,0.804211024180137,0.9040492059054569,Yes,Yes,No
Burkina Faso,16486715,Glaucoma,13266,24859,6947,6441,154566,686818,Africa,61-70,No,Yes,Yes,585439,No,Yes,0.702792019192462,0.12879304606340078,Yes,No,No
Burundi,33798975,Glaucoma,67674,43242,4215,6399,655002,529958,Africa,61-70,Yes,Yes,Yes,452629,Yes,Yes,0.2255929646315233,0.46521674184342743,No,Yes,No
CÃ´te d'Ivoire,36746954,Glaucoma,3689,77938,6642,4707,232364,626394,Africa,71+,No,Yes,Yes,494501,Yes,No,0.3661221456767376,0.8491459078334326,No,No,No
Cabo Verde,25126955,Glaucoma,63232,56343,5158,6238,738447,555050,Africa,51-60,No,Yes,No,426328,No,Yes,0.671836602871285,0.19000011955991605,No,Yes,No
Cambodia,18257192,Glaucoma,58269,25735,6284,7485,654914,308474,Asia,71+,Yes,Yes,No,545561,Yes,Yes,0.2534880459256156,0.5575117056671215,Yes,No,No
Cameroon,28010362,Glaucoma,32414,40258,7386,6428,851854,532968,Africa,61-70,Yes,Yes,Yes,636969,Yes,Yes,0.9293268765073486,0.2828888032802248,Yes,Yes,Yes
Canada,23741122,Glaucoma,35266,55367,3010,5732,713566,470829,North America,51-60,Yes,Yes,Yes,527989,Yes,Yes,0.9566085369167198,0.7184843014371892,No,Yes,No
Central African Republic,14145175,Glaucoma,35764,40367,4948,22,445000,303375,Africa,51-60,No,Yes,Yes,360172,Yes,Yes,0.2866146019025102,0.31469870602398425,Yes,No,Yes
Chad,40406352,Glaucoma,66640,40325,1909,6419,652671,439423,Africa,51-60,Yes,Yes,Yes,435850,No,Yes,0.21427820071800008,0.12186615752354107,No,No,Yes
Chile,37605298,Glaucoma,72302,25093,7177,5394,331202,501519,South America,51-60,No,Yes,Yes,439882,Yes,Yes,0.862095598698062,0.435753245830902,No,No,No
China,26627200,Glaucoma,53671,62117,6481,5059,388887,392178,Asia,61-70,Yes,Yes,No,317472,Yes,Yes,0.7828361131297014,0.9127374208792951,Yes,Yes,Yes
Colombia,33072968,Glaucoma,68209,69873,4267,6601,372082,468582,South America,51-60,Yes,Yes,Yes,479676,Yes,Yes,0.604900925111824,0.12040836542356252,No,No,No
Comoros,33100053,Glaucoma,39674,37417,7032,4586,704880,944113,Africa,51-60,No,Yes,Yes,780123,Yes,Yes,0.5239337413694979,0.766924179395312,No,No,Yes
Congo,5451040,Glaucoma,23613,73724,2397,9594,478572,337869,Africa,71+,Yes,Yes,Yes,549525,No,Yes,0.2890195108397878,0.5546686677494894,Yes,No,Yes
Costa Rica,36778364,Glaucoma,64249,33742,3688,5442,389152,537851,North America,51-60,Yes,No,Yes,428174,No,No,0.9841968201274632,0.5340013003998187,Yes,Yes,No
Croatia,35158808,Glaucoma,56569,68321,5669,4007,182763,348076,Europe,51-60,Yes,Yes,Yes,93830,Yes,Yes,0.9675373249078841,0.5984856024699536,Yes,Yes,No
Cuba,32392419,Glaucoma,44454,68875,2112,5094,489727,510773,North America,51-60,Yes,Yes,Yes,384268,Yes,Yes,0.3188611366252218,0.6009477858963025,Yes,Yes,Yes
Cyprus,44169906,Glaucoma,46852,59530,7161,3746,494562,338998,Europe,61-70,Yes,No,No,403054,Yes,No,0.2334878851252462,0.6161044851398693,No,No,No
Czechia,22356909,Glaucoma,57635,48824,5260,658,527453,113903,Europe,71+,Yes,Yes,Yes,335557,Yes,Yes,0.7856576575104622,0.5108088561990644,No,Yes,Yes
Democratic Republic of the Congo,27009806,Glaucoma,53902,61958,4446,5414,617241,730394,Africa,71+,Yes,Yes,No,268842,No,Yes,0.23553551353839844,0.9923885269374092,No,Yes,No
Denmark,29146941,Glaucoma,55087,61654,7274,2573,413933,214044,Europe,51-60,Yes,Yes,Yes,440395,Yes,No,0.7111972500805132,0.5313515403301616,Yes,No,Yes
Djibouti,32941498,Glaucoma,54570,63731,3977,4941,107287,467783,Africa,71+,Yes,Yes,Yes,607491,Yes,No,0.5074080144572091,0.5634465623615111,No,Yes,No
Dominica,29547265,Glaucoma,75157,34377,4242,6022,559499,512700,North America,51-60,Yes,Yes,Yes,551745,No,Yes,0.10849110807117648,0.9845889421040662,Yes,No,No
Dominican Republic,16823253,Glaucoma,41441,44720,1168,7250,219840,478705,North America,71+,Yes,No,Yes,455381,Yes,Yes,0.6897517852095635,0.6068018884968538,No,Yes,No
Ecuador,33054381,Glaucoma,70739,17513,7323,7297,228826,221412,South America,71+,Yes,Yes,No,258351,No,Yes,0.22436505861959538,0.7264752202006034,No,No,No
Egypt,20176477,Glaucoma,7377,62594,4994,3042,479580,126564,Africa,71+,No,No,Yes,191206,Yes,Yes,0.17517890588412283,0.3952282179706025,No,Yes,No
El Salvador,20505695,Glaucoma,61475,57665,5308,6322,684059,633966,North America,51-60,No,No,Yes,342503,Yes,Yes,0.7115395413343859,0.7843961097396397,No,Yes,No
Equatorial Guinea,30047524,Glaucoma,34395,44343,7358,5955,553808,553568,Africa,61-70,Yes,Yes,Yes,526670,No,Yes,0.4665936678075099,0.867648924316363,No,Yes,Yes
Eritrea,16945283,Glaucoma,56396,52822,1464,5952,489671,592185,Africa,51-60,Yes,No,Yes,614637,Yes,Yes,0.6007677991734869,0.47159094462033846,No,Yes,Yes
Estonia,21357060,Glaucoma,45873,62443,4310,2817,448240,605410,Europe,71+,Yes,Yes,Yes,741849,Yes,No,0.1140926454561796,0.544525515108515,Yes,Yes,Yes
Eswatini,-2343495,Glaucoma,58832,53579,5741,3543,460938,794522,Africa,71+,Yes,Yes,No,636616,Yes,Yes,0.42718509219514567,0.3080032435479173,No,Yes,No
Ethiopia,7719783,Glaucoma,55142,13603,3105,5791,646472,164564,Africa,71+,No,No,Yes,218208,No,Yes,0.24635525841069042,0.30192945307947205,Yes,Yes,No
Fiji,21680879,Glaucoma,76115,67759,4583,2319,579455,583427,Oceania,61-70,No,No,Yes,971590,Yes,Yes,0.162380433045957,0.9704329853551413,No,Yes,No
Finland,36959071,Glaucoma,50118,42939,4476,5015,651851,588968,Europe,61-70,No,No,Yes,475638,Yes,Yes,0.2126496464347707,0.1701832368715944,Yes,Yes,No
France,19035626,Glaucoma,46978,37253,7370,4693,339287,492195,Europe,61-70,Yes,No,Yes,263950,Yes,No,0.6889955788839709,0.15989531752855815,No,Yes,No
Gabon,14950592,Glaucoma,28057,54561,6295,5916,634164,811095,Africa,51-60,Yes,Yes,Yes,428124,Yes,Yes,0.9804049032297052,0.868334878378465,No,No,No
Gambia,30150019,Glaucoma,57652,66258,7415,6557,547475,776800,Africa,51-60,No,No,Yes,212563,No,Yes,0.18788004686025656,0.49357104036822286,Yes,Yes,No
Georgia,20658149,Glaucoma,41502,60611,6753,4378,465427,67541,Asia,71+,Yes,Yes,Yes,324394,No,No,0.2392976542603506,0.1559738781290141,Yes,No,No
Germany,18066650,Glaucoma,42010,67830,6189,2024,641579,272247,Europe,61-70,No,Yes,Yes,660325,Yes,Yes,0.21314441531132428,0.9945911082540917,No,No,No
Ghana,12324240,Glaucoma,61663,22344,789,7583,674511,420609,Africa,51-60,Yes,No,No,707537,Yes,Yes,0.8873016910366354,0.452025131613371,Yes,Yes,No
Greece,2495077,Glaucoma,41968,74422,4473,7650,126593,295420,Europe,61-70,Yes,Yes,Yes,377140,No,Yes,0.8774115495226023,0.506950290493894,Yes,No,No
Grenada,47924511,Glaucoma,44269,54044,4173,5076,778870,221642,North America,71+,Yes,Yes,Yes,302569,Yes,Yes,0.2463229742845799,0.594456861520178,Yes,Yes,Yes
Guatemala,43240976,Glaucoma,38577,48516,6243,6612,429336,471628,North America,51-60,Yes,No,Yes,495324,Yes,No,0.9254703827854773,0.24715529176929205,Yes,Yes,No
Guinea,37228342,Glaucoma,63541,37947,6387,5822,698162,351207,Africa,51-60,No,Yes,Yes,641926,No,No,0.85997953972141,0.9540145668875011,Yes,No,No
Guinea-Bissau,7874616,Glaucoma,44201,78649,6639,4780,338104,437518,Africa,61-70,Yes,Yes,Yes,470153,Yes,No,0.6848973855878645,0.28990747651719584,No,Yes,Yes
Guyana,3471665,Glaucoma,81393,43329,4065,7690,626493,553691,South America,71+,Yes,No,No,469530,No,Yes,0.13949838705263962,0.9393440126219702,Yes,Yes,Yes
Haiti,25951261,Glaucoma,73627,86306,1703,5654,558355,461064,North America,51-60,Yes,Yes,No,411003,Yes,No,0.25799365195677104,0.2976030204127884,Yes,Yes,Yes
Holy See,23826529,Glaucoma,82977,37797,6125,9175,655988,483225,Europe,71+,Yes,Yes,Yes,330950,No,Yes,0.17181589097851951,0.9013753365080103,Yes,Yes,No
Honduras,48529025,Glaucoma,3522,45162,4937,5204,307208,528844,North America,51-60,No,Yes,Yes,272559,No,No,0.5769503131645767,0.7158674329745872,No,Yes,Yes
Hungary,36857701,Glaucoma,35649,23950,843,1100,515782,760407,Europe,61-70,Yes,Yes,Yes,332784,No,No,0.43371547653545006,0.48733821065603367,Yes,Yes,No
Iceland,22596145,Glaucoma,29666,14507,2854,7372,468128,828938,Europe,51-60,Yes,No,Yes,100855,No,Yes,0.7053371052869662,0.31606739596873273,No,Yes,No
India,14838355,Glaucoma,6889,86779,6414,3629,154128,644538,Asia,61-70,Yes,Yes,Yes,595316,Yes,No,0.1000127248528849,0.5812855556899795,Yes,Yes,Yes
Indonesia,16091185,Glaucoma,34784,77296,2070,5710,406532,602574,Asia,71+,Yes,Yes,No,414948,Yes,Yes,0.7473521660381157,0.7783020633868492,Yes,Yes,No
Iran,25043679,Glaucoma,32189,63013,1176,1889,704326,764316,Asia,71+,Yes,Yes,Yes,374022,No,No,0.5477048313929667,0.20825053863366,Yes,Yes,No
Iraq,32970902,Glaucoma,29676,70875,8029,3614,266518,584988,Asia,61-70,Yes,Yes,Yes,157523,Yes,Yes,0.6730577165336326,0.2635468690489758,No,No,No
Ireland,11887395,Glaucoma,37479,48076,7946,9054,455666,641738,Europe,61-70,Yes,Yes,Yes,489897,Yes,Yes,0.37918487890701014,0.7686026571755391,No,Yes,Yes
Israel,20852163,Glaucoma,42778,60011,7309,5426,182485,576256,Asia,61-70,Yes,No,Yes,754552,Yes,No,0.7266895795263556,0.28985890513472445,Yes,Yes,Yes
Italy,32799397,Glaucoma,99554,52698,4129,7884,636972,414581,Europe,51-60,Yes,Yes,Yes,481519,Yes,Yes,0.7903332786684396,0.6485715516106777,Yes,No,No
Jamaica,23055356,Glaucoma,44861,32926,6317,7901,748771,642072,North America,61-70,Yes,Yes,Yes,748406,Yes,No,0.5556441838127502,0.6930373121089393,Yes,No,Yes
Japan,48984272,Glaucoma,23885,74634,5959,1724,504605,806464,Asia,61-70,Yes,No,Yes,535051,No,Yes,0.5052672613215493,0.16461973367867588,No,Yes,Yes
Jordan,24363175,Glaucoma,51990,10448,6122,1440,560163,324735,Asia,71+,Yes,Yes,Yes,443679,No,No,0.29866460739233924,0.2245729193090979,Yes,No,No
Kazakhstan,42037394,Glaucoma,76635,35114,1397,7226,555336,483748,Asia,71+,Yes,Yes,Yes,215509,Yes,Yes,0.8355546026190082,0.1577751804645473,Yes,No,No
Kenya,13532671,Glaucoma,65230,48504,4326,2320,618324,554263,Africa,71+,Yes,Yes,No,574606,No,Yes,0.6799982729564719,0.671013741072814,No,No,No
Kiribati,31160010,Glaucoma,50103,37403,4011,2824,868416,195687,Oceania,61-70,Yes,Yes,Yes,281074,No,Yes,0.8601745953116051,0.8444754744662684,No,No,Yes
Kuwait,37030196,Glaucoma,40592,68141,3557,4430,407253,396363,Asia,61-70,Yes,Yes,Yes,536058,Yes,No,0.25005505741476947,0.9755344907889667,No,Yes,Yes
Kyrgyzstan,29563464,Glaucoma,46054,32839,2693,6601,523687,651290,Asia,71+,Yes,Yes,Yes,763709,No,Yes,0.6811149127796566,0.9772392506470593,No,Yes,Yes
Laos,32648859,Glaucoma,110562,39834,4952,4973,835753,235717,Asia,61-70,No,Yes,Yes,357541,No,No,0.9206247869258841,0.4091247631672875,No,No,No
Latvia,21971719,Glaucoma,37597,77496,7299,8023,495541,652926,Europe,71+,No,No,Yes,323715,Yes,Yes,0.9540214546120338,0.22643769826524512,No,No,Yes
Lebanon,24808540,Glaucoma,45505,64133,6713,7267,611604,554061,Asia,61-70,Yes,Yes,Yes,198985,Yes,Yes,0.7917144257519111,0.7367689824515037,Yes,No,Yes
Lesotho,14439790,Glaucoma,50300,55796,3644,5173,646125,393168,Africa,51-60,Yes,Yes,Yes,475039,No,No,0.5031535187412698,0.23042434522830157,No,Yes,Yes
Liberia,49748473,Glaucoma,13700,18659,4502,2897,585011,239582,Africa,71+,Yes,Yes,Yes,429653,No,Yes,0.691615286716634,0.7720726848669608,Yes,No,No
Libya,9166169,Glaucoma,63844,63858,7363,4926,606642,135172,Africa,51-60,Yes,No,Yes,535293,Yes,Yes,0.24296662963614557,0.6278945642621887,Yes,No,No
Liechtenstein,22546906,Glaucoma,29227,55641,5943,5092,542677,309611,Europe,51-60,No,Yes,No,516480,No,No,0.5667822720605585,0.3324203480999954,Yes,Yes,No
Lithuania,16804635,Glaucoma,48968,65547,7778,6533,12725,704571,Europe,71+,Yes,Yes,Yes,644627,No,No,0.826818667384953,0.6622273531179473,No,Yes,Yes
Luxembourg,19047685,Glaucoma,46384,33001,5379,5864,624707,646607,Europe,61-70,Yes,Yes,Yes,509473,No,Yes,0.10269517222815272,0.9296514836166234,No,No,Yes
Madagascar,25662347,Glaucoma,66088,39118,3706,7167,452476,162125,Africa,61-70,Yes,Yes,Yes,595403,Yes,No,0.6077630197003463,0.4921940117791892,No,No,No
Malawi,27294148,Glaucoma,34244,61147,7214,3374,728583,533458,Africa,71+,Yes,Yes,Yes,-48455,Yes,No,0.9744718168658139,0.7343864423319238,No,Yes,No
Malaysia,30921297,Glaucoma,35159,65606,5412,2998,191008,460532,Asia,51-60,Yes,Yes,Yes,582450,Yes,No,0.9224713365516257,0.694663382401081,Yes,Yes,No
Maldives,23225442,Glaucoma,35974,51132,2894,5556,516039,686757,Asia,71+,No,Yes,Yes,657880,No,No,0.654579272025436,0.7259454936381224,No,No,No
Mali,25824544,Glaucoma,38815,31779,7738,8035,570376,677876,Africa,71+,Yes,No,Yes,344735,Yes,Yes,0.391509327976161,0.9901371203660064,Yes,No,Yes
Malta,15957306,Glaucoma,37808,72493,4554,4452,452387,58332,Europe,51-60,Yes,Yes,Yes,607372,Yes,Yes,0.3656971014837209,0.8886292163684963,No,No,No
Marshall Islands,17164232,Glaucoma,92251,36187,9009,6558,329146,408746,Oceania,71+,Yes,Yes,Yes,493450,Yes,No,0.4906536664374077,0.5349413326176236,No,No,Yes
Mauritania,35964631,Glaucoma,82924,36517,1881,2947,499858,921808,Africa,71+,No,No,No,391893,No,Yes,0.8683401815830402,0.3025454965321308,Yes,No,No
Mauritius,14904946,Glaucoma,66939,61484,4509,8482,470576,467517,Africa,51-60,No,No,No,485691,No,Yes,0.2542261799032447,0.8260109895231681,No,Yes,No
Mexico,15197933,Glaucoma,40499,46835,4875,5537,658760,259956,North America,71+,Yes,Yes,Yes,614926,No,No,0.4757102569735622,0.43575454447834705,No,No,No
Micronesia,2995800,Glaucoma,52205,82920,8917,4288,486655,613958,Oceania,51-60,Yes,Yes,Yes,422379,No,Yes,0.28693526904520383,0.16029749550886058,Yes,Yes,Yes
Moldova,26914521,Glaucoma,46649,47178,4224,2844,120023,447094,Europe,51-60,Yes,Yes,Yes,274513,Yes,Yes,0.23313001624447283,0.13371412947754005,No,No,No
Monaco,30607298,Glaucoma,35723,56722,2230,8286,497834,408291,Europe,71+,Yes,No,Yes,541332,Yes,No,0.24779959732233234,0.454913279282371,Yes,Yes,Yes
Mongolia,24072418,Glaucoma,32795,54500,3169,4888,376948,327893,Asia,71+,Yes,No,No,799343,Yes,Yes,0.34315861017758476,0.12475241896841675,Yes,Yes,No
Montenegro,26519441,Glaucoma,66326,75994,4432,4757,585583,496991,Europe,61-70,No,Yes,No,369165,No,Yes,0.4973064075623165,0.6900005535300278,Yes,No,No
Morocco,30170783,Glaucoma,26180,68085,6288,1060,306207,333332,Africa,51-60,Yes,Yes,Yes,452523,No,Yes,0.24651771729324654,0.8215819870576342,Yes,Yes,No
Mozambique,18364533,Glaucoma,48517,58598,4103,3859,613389,510990,Africa,71+,Yes,Yes,No,508368,Yes,No,0.15012269638933254,0.5277850694265317,Yes,No,No
Myanmar,29247036,Glaucoma,36055,32938,-963,3202,438233,444663,Asia,51-60,Yes,Yes,Yes,458096,Yes,Yes,0.5193025814110762,0.5693945201627155,No,Yes,Yes
Namibia,44635912,Glaucoma,46617,39630,2683,4312,791146,232694,Africa,71+,No,No,Yes,535362,Yes,Yes,0.2837026495007689,0.20815863994135564,No,Yes,No
Nauru,23252965,Glaucoma,49879,48559,5304,5433,622735,554445,Oceania,61-70,Yes,No,Yes,471897,No,Yes,0.1667148656293651,0.35267634529640024,Yes,Yes,No
Nepal,24407200,Glaucoma,-5966,19266,3464,9584,653939,825596,Asia,51-60,Yes,No,Yes,561620,Yes,No,0.9142254750206564,0.83599770296779,Yes,Yes,Yes
Netherlands,24408712,Glaucoma,54777,23216,5418,4849,192909,16328,Europe,71+,Yes,Yes,Yes,774359,No,Yes,0.9568395901938344,0.6641211431787488,No,No,No
New Zealand,13209557,Glaucoma,53289,77278,1607,1730,367007,524254,Oceania,71+,No,No,Yes,263210,Yes,Yes,0.10756031408075817,0.9162480060125086,No,Yes,No
Nicaragua,8548213,Glaucoma,67063,42475,2760,4087,760125,57981,North America,51-60,Yes,Yes,Yes,611570,No,No,0.37219906071514053,0.4519497070528148,Yes,No,No
Niger,9604908,Glaucoma,48734,49877,4779,650,937820,577188,Africa,51-60,No,Yes,Yes,494879,Yes,Yes,0.2816375957291732,0.5475753183258143,Yes,No,Yes
Nigeria,19816724,Glaucoma,48218,57329,3818,6324,676651,673544,Africa,71+,Yes,No,No,478868,No,Yes,0.25006378850209043,0.3394843791490021,Yes,Yes,Yes
North Korea,21381092,Glaucoma,39637,71030,5574,6294,667204,495396,Asia,51-60,No,Yes,No,603803,Yes,Yes,0.6792613908942571,0.8132048906977312,No,Yes,No
North Macedonia,32623186,Glaucoma,65199,38299,8552,4880,513542,601240,Europe,61-70,Yes,Yes,Yes,299857,Yes,No,0.7016168972376777,0.30940045836631624,No,Yes,Yes
Norway,17491062,Glaucoma,44919,27456,8708,2906,283035,340872,Europe,61-70,No,No,Yes,475543,Yes,No,0.6524196085897341,0.2218265206413234,Yes,Yes,Yes
Oman,38716508,Glaucoma,57707,22145,4612,3971,218248,406115,Asia,71+,Yes,Yes,Yes,539106,Yes,Yes,0.9057802677537843,0.5470121855010808,No,Yes,Yes
Pakistan,9652649,Glaucoma,52412,44740,4513,7090,444499,438696,Asia,51-60,Yes,No,No,665258,Yes,Yes,0.9997852707702832,0.5739230178460513,Yes,Yes,Yes
Palau,20783659,Glaucoma,19424,25365,3640,5053,575926,513541,Oceania,51-60,Yes,Yes,Yes,135863,Yes,Yes,0.5523898062802778,0.25902709409930913,Yes,No,No
Palestine,27314848,Glaucoma,57176,65212,3526,4147,647096,418340,Asia,71+,Yes,Yes,Yes,549415,No,No,0.4495106861167306,0.7910924748452753,Yes,Yes,Yes
Panama,21747962,Glaucoma,57517,26528,3274,3678,589828,363944,North America,71+,Yes,Yes,Yes,256995,No,Yes,0.49582160757120153,0.41824215990160796,Yes,Yes,Yes
Papua New Guinea,9691207,Glaucoma,36476,40970,9378,2426,671118,469885,Oceania,71+,Yes,Yes,Yes,522374,Yes,Yes,0.8935833596638506,0.26747405157571863,No,Yes,Yes
Paraguay,20740852,Glaucoma,45634,69818,4690,7919,-39584,510128,South America,71+,Yes,Yes,Yes,592008,No,Yes,0.9660114756181319,0.548542285892541,Yes,Yes,Yes
Peru,15237439,Glaucoma,50216,60178,3486,2039,790759,211721,South America,61-70,Yes,Yes,No,534534,Yes,Yes,0.6548263117775305,0.9349449177610193,Yes,Yes,Yes
Philippines,19961158,Glaucoma,43190,38671,7277,7811,620510,593790,Asia,71+,No,Yes,Yes,589095,No,Yes,0.5025633848376054,0.2370388426854657,Yes,Yes,Yes
Poland,30683869,Glaucoma,29683,56479,5305,7442,623438,901962,Europe,71+,Yes,Yes,Yes,805256,No,Yes,0.9635883470753352,0.30980153687277956,No,Yes,Yes
Portugal,31658612,Glaucoma,49234,60615,4598,3476,117446,526668,Europe,71+,Yes,No,Yes,758403,Yes,Yes,0.1915112616589345,0.8319853115026846,No,Yes,No
Qatar,24031687,Glaucoma,42797,33019,5266,6201,442053,902508,Asia,51-60,Yes,Yes,Yes,447360,Yes,Yes,0.2688245952124665,0.7747466033569098,Yes,Yes,No
Romania,23400670,Glaucoma,71790,29009,3446,5995,380419,608710,Europe,61-70,Yes,No,Yes,1047310,Yes,Yes,0.3010182699920172,0.9176922691139845,No,Yes,Yes
Russia,16292679,Glaucoma,56924,52424,6536,4616,308420,358586,Europe,61-70,Yes,No,Yes,474844,Yes,Yes,0.9390252704276524,0.33164987023084835,Yes,Yes,No
Rwanda,18977162,Glaucoma,31768,69171,7695,5555,382367,123050,Africa,71+,Yes,Yes,No,91722,Yes,No,0.40608739977617103,0.7026116696706554,Yes,No,No
Saint Kitts and Nevis,26368873,Glaucoma,56040,55183,3059,7837,338774,519414,North America,51-60,Yes,Yes,Yes,347616,Yes,No,0.7473629424834124,0.2918690800927922,Yes,No,No
Saint Lucia,34697036,Glaucoma,47835,31358,5628,6875,316558,702088,North America,61-70,Yes,No,Yes,461712,Yes,Yes,0.797915870741259,0.912367930424816,No,No,No
Saint Vincent and the Grenadines,28066730,Glaucoma,27306,48849,6412,4335,27827,223551,North America,51-60,Yes,Yes,Yes,941393,Yes,Yes,0.449861118362067,0.7431392854688461,No,Yes,No
Samoa,28071125,Glaucoma,39856,49434,4284,5401,210635,486192,Oceania,71+,Yes,Yes,Yes,415524,Yes,Yes,0.8262187574327327,0.17392839908240043,No,Yes,No
San Marino,35065783,Glaucoma,66943,42920,6649,5382,496391,264684,Europe,61-70,Yes,Yes,No,366310,No,Yes,0.4984093564258988,0.45007120717547744,No,Yes,No
Sao Tome and Principe,7011063,Glaucoma,44929,73629,7934,4544,220376,785561,Africa,61-70,Yes,Yes,Yes,690611,Yes,Yes,0.5742763025309183,0.663632427576384,No,Yes,Yes
Saudi Arabia,13367500,Glaucoma,71949,58577,6500,6367,323092,521663,Asia,51-60,Yes,Yes,Yes,651548,Yes,No,0.9413234482306327,0.6936328954685281,No,No,Yes
Senegal,28039073,Glaucoma,54762,62140,3893,4621,762075,301543,Africa,71+,Yes,Yes,Yes,337860,Yes,Yes,0.5921357515862956,0.16051309029327962,No,No,No
Serbia,19981081,Glaucoma,39524,51360,7432,9411,365562,638382,Europe,71+,Yes,Yes,Yes,-61019,No,Yes,0.10825078816636767,0.37352026694219964,Yes,No,No
Seychelles,25372952,Glaucoma,43256,49724,4472,253,673731,574406,Africa,71+,Yes,No,Yes,702942,Yes,Yes,0.8838834745777856,0.8526960627412553,Yes,No,Yes
Sierra Leone,23559036,Glaucoma,98760,35457,2578,2415,413781,161009,Africa,61-70,Yes,No,No,274971,Yes,Yes,0.6251257654004367,0.5941787166841154,No,Yes,No
Singapore,26352371,Glaucoma,56124,53593,3522,5788,525678,217805,Asia,51-60,Yes,Yes,Yes,225371,Yes,No,0.685656952321505,0.5402848066219443,Yes,No,Yes
Slovakia,15090010,Glaucoma,80807,51973,7813,6358,308122,300740,Europe,51-60,Yes,No,Yes,619690,No,Yes,0.24376811634671539,0.3481190602977172,Yes,Yes,No
Slovenia,11889851,Glaucoma,66875,28378,3335,6438,101073,321778,Europe,51-60,No,Yes,No,440656,No,Yes,0.21783516311227447,0.936819637369958,No,Yes,No
Solomon Islands,19288644,Glaucoma,60199,21663,3619,3878,573582,168094,Oceania,71+,Yes,No,Yes,535315,Yes,Yes,0.20926716201920514,0.34171129939212674,No,Yes,No
Somalia,29741085,Glaucoma,48645,52626,3445,4184,561464,555881,Africa,61-70,No,Yes,Yes,22899,No,No,0.26540397577451336,0.2895079973194764,Yes,No,Yes
South Africa,37485110,Glaucoma,66040,30516,4197,5898,431596,302982,Africa,61-70,Yes,Yes,No,733457,Yes,Yes,0.5136529812914682,0.1406974831629535,Yes,Yes,No
South Korea,36683594,Glaucoma,57114,66385,2790,7456,463141,496293,Asia,61-70,Yes,No,No,481097,No,Yes,0.4805390116818118,0.8984468584793296,Yes,Yes,No
South Sudan,28106403,Glaucoma,68345,34697,8412,2296,236801,481917,Africa,71+,Yes,Yes,Yes,503207,Yes,Yes,0.6503173345599336,0.8133302753820159,No,No,No
Spain,10105352,Glaucoma,63290,17105,3902,5141,487895,814926,Europe,51-60,No,No,Yes,816440,No,Yes,0.7585946251074392,0.3641218437021121,Yes,Yes,Yes
Sri Lanka,26994778,Glaucoma,38815,53891,2255,4550,371719,562282,Asia,51-60,Yes,Yes,Yes,557666,Yes,Yes,0.6379383528597006,0.7011126949436906,Yes,No,No
Sudan,24401866,Glaucoma,32794,31081,6266,3120,817039,475564,Africa,61-70,Yes,Yes,Yes,240194,No,No,0.45950743849498055,0.8626642095886737,Yes,Yes,No
Suriname,26960713,Glaucoma,44405,51231,10506,7404,696169,805613,South America,51-60,Yes,No,Yes,607592,Yes,No,0.38234749431834036,0.12447556896938618,Yes,No,No
Sweden,6650053,Glaucoma,57366,40886,2891,8297,392838,472229,Europe,61-70,Yes,Yes,Yes,253974,No,Yes,0.9226907810152281,0.9191677067164683,No,No,Yes
Switzerland,27466192,Glaucoma,74857,46980,2765,3702,284557,389721,Europe,61-70,Yes,No,Yes,591636,Yes,No,0.32449642855011,0.9790137627676735,Yes,Yes,Yes
Syria,32240733,Glaucoma,32417,68084,5104,3898,491484,397556,Asia,61-70,Yes,Yes,Yes,687641,No,Yes,0.6046971944973648,0.8450665238039804,No,Yes,Yes
Taiwan,19890162,Glaucoma,23820,53178,4535,8486,296540,435128,Asia,51-60,Yes,Yes,No,274857,No,Yes,0.7930030101236035,0.885134707654422,Yes,Yes,No
Tajikistan,9595981,Glaucoma,60112,35189,4329,1531,514599,698623,Asia,61-70,Yes,No,Yes,434957,Yes,Yes,0.13685698942095192,0.2696958478126672,No,Yes,No
Tanzania,29485231,Glaucoma,43090,53615,2370,6018,597056,469616,Africa,61-70,No,Yes,Yes,756702,No,No,0.22109179217383118,0.7762148769923183,Yes,Yes,No
Thailand,3576077,Glaucoma,74665,72393,5337,5357,317674,242292,Asia,51-60,Yes,Yes,Yes,609631,Yes,Yes,0.1843018449946208,0.9096801550040897,Yes,Yes,Yes
Timor-Leste,27493511,Glaucoma,37089,65608,7007,3811,409828,416674,Asia,61-70,No,Yes,No,594244,Yes,Yes,0.434980371867992,0.2029522128394039,Yes,Yes,No
Togo,30927011,Glaucoma,58054,30031,3156,4775,869220,950330,Africa,71+,Yes,Yes,Yes,320925,No,Yes,0.39006007305888857,0.8767282090095969,No,Yes,No
Tonga,9450363,Glaucoma,42847,42249,8738,4811,782644,665290,Oceania,71+,No,Yes,Yes,418150,Yes,Yes,0.6617291068473052,0.10399718742710884,No,Yes,Yes
Trinidad and Tobago,29884063,Glaucoma,6360,56315,4830,7120,197995,689060,North America,71+,No,Yes,Yes,561450,No,No,0.13647154461354818,0.4447108178132112,Yes,Yes,Yes
Tunisia,38209512,Glaucoma,53393,31798,9611,2681,691697,609897,Africa,71+,Yes,No,Yes,445648,No,Yes,0.10448018679470958,0.6916953469871132,No,No,Yes
Turkey,18241970,Glaucoma,52622,75302,3685,5709,361822,579607,Asia,71+,No,Yes,Yes,226679,Yes,Yes,0.7356772730345096,0.672208656267319,Yes,No,No
Turkmenistan,18144855,Glaucoma,7162,68396,2772,4223,360366,611765,Asia,51-60,Yes,Yes,Yes,508633,Yes,Yes,0.8333893484526481,0.6435225477617263,No,Yes,Yes
Tuvalu,27305108,Glaucoma,40911,34716,4312,6261,284974,550074,Oceania,71+,Yes,Yes,Yes,569114,Yes,No,0.6100676252880868,0.5669714222930231,Yes,No,Yes
Uganda,20410499,Glaucoma,68794,17318,4062,-865,463440,224048,Africa,61-70,Yes,Yes,Yes,585407,Yes,No,0.3762900779069882,0.7973266163720281,No,Yes,No
Ukraine,12872983,Glaucoma,55918,28033,4203,5637,454919,383219,Europe,51-60,No,No,Yes,413450,Yes,No,0.46358218954686714,0.5196412105423076,Yes,No,No
United Arab Emirates,17790835,Glaucoma,62590,9202,5155,4102,316683,819148,Asia,61-70,Yes,Yes,No,382339,Yes,Yes,0.5628906083911857,0.44340572793549227,Yes,Yes,No
United Kingdom,30316613,Glaucoma,31051,108396,4488,5523,482978,545789,Europe,61-70,No,No,Yes,582422,No,Yes,0.7426062806008622,0.3521764382538688,Yes,Yes,Yes
United States of America,36417758,Glaucoma,56708,65643,3843,3301,662955,668260,North America,71+,No,Yes,Yes,623668,No,Yes,0.8582068146591637,0.7105307458706359,No,Yes,No
Uruguay,16039258,Glaucoma,67260,39416,7978,5614,162212,703464,South America,51-60,Yes,Yes,Yes,363262,Yes,Yes,0.4549037340544364,0.6698939059054664,Yes,No,Yes
Uzbekistan,20333374,Glaucoma,30757,34662,1854,4225,394995,709631,Asia,51-60,Yes,Yes,Yes,483857,Yes,Yes,0.57226631680532,0.858308361241312,Yes,Yes,No
Vanuatu,17488724,Glaucoma,63690,48387,7205,5452,671986,859736,Oceania,71+,Yes,Yes,Yes,414107,Yes,Yes,0.7187068043441466,0.24681812259902774,Yes,Yes,Yes
Venezuela,27153111,Glaucoma,62035,23442,2481,7019,1036192,900608,South America,71+,Yes,No,Yes,486963,Yes,Yes,0.5221268360155209,0.8507187008062975,No,No,No
Vietnam,28601027,Glaucoma,49142,27601,5172,2349,415697,512121,Asia,51-60,Yes,No,No,174950,No,Yes,0.1676562385966826,0.7269586878768377,Yes,Yes,No
Yemen,18291176,Glaucoma,34016,43580,5025,5535,785533,48405,Asia,71+,Yes,Yes,Yes,496415,No,Yes,0.9632058658394176,0.7920753637074482,No,Yes,No
Zambia,21113257,Glaucoma,45826,42813,7625,8422,566558,620461,Africa,71+,No,Yes,Yes,448051,Yes,Yes,0.21310283354030563,0.9324966296387698,Yes,No,No
Zimbabwe,33480835,Glaucoma,42108,72908,5123,4277,528842,362792,Africa,71+,Yes,Yes,No,621997,Yes,No,0.4320708594561613,0.2114125732582874,Yes,Yes,No
